{
  "dc_elo": {
    "beta0": 0.09653870626121365,
    "beta1": 0.7369659357308026,
    "gamma": 0.23108098613764017,
    "rho": -0.039919307394132915,
    "half_life_days": 1095.0,
    "n_matches": 7768,
    "cutoff": "2026-06-11"
  },
  "dc_attack": {
    "mu": 0.0958101208068366,
    "home_adv": 0.23679369553489618,
    "rho": -0.04585311565872441,
    "att": {
      "MEX": 0.8148033144365642,
      "RSA": 0.5159359186520278,
      "KOR": 0.8638444175259765,
      "CZE": 0.9284369943194926,
      "CAN": 0.8116388420670687,
      "BIH": 0.5221323635825919,
      "QAT": 0.5914710878638824,
      "SUI": 1.2049064766129582,
      "BRA": 1.3798594482221704,
      "MAR": 0.9554267861105014,
      "HAI": 0.45755230521932083,
      "SCO": 0.9018625207667608,
      "USA": 0.844561314344865,
      "PAR": 0.7237670818127507,
      "AUS": 0.8519008337211986,
      "TUR": 1.1101303957602473,
      "GER": 1.4229951704212573,
      "CUW": 0.16585484228012087,
      "CIV": 0.7250252786942925,
      "ECU": 0.8389037329686205,
      "NED": 1.3674492770164026,
      "JPN": 1.0774782380129755,
      "SWE": 1.0724427770029397,
      "TUN": 0.6312115159300304,
      "BEL": 1.2933857941027014,
      "EGY": 0.680372668417855,
      "IRN": 0.9147986641042694,
      "NZL": 0.18830207033893076,
      "ESP": 1.5647899036668718,
      "CPV": 0.4020699018320363,
      "KSA": 0.40351181997784846,
      "URU": 0.969797126509997,
      "FRA": 1.3769478753756481,
      "SEN": 0.9207600307885307,
      "IRQ": 0.4131673123575589,
      "NOR": 1.2577924734374433,
      "ARG": 1.3577450908520363,
      "ALG": 1.0053814726920707,
      "AUT": 1.0394538419298784,
      "JOR": 0.6750709297770342,
      "POR": 1.416367417176364,
      "COD": 0.48367046187592216,
      "UZB": 0.5653977158288962,
      "COL": 1.2798341134617912,
      "ENG": 1.343401394559431,
      "CRO": 1.1615463334914786,
      "GHA": 0.5480288241611162,
      "PAN": 0.5652430099138607
    },
    "def_": {
      "MEX": 0.9994371318515985,
      "RSA": 0.6735203590460457,
      "KOR": 0.8079781589315461,
      "CZE": 0.7999003041829729,
      "CAN": 0.8793448034668083,
      "BIH": 0.5796333051535127,
      "QAT": 0.30846554552977556,
      "SUI": 1.0110290247944633,
      "BRA": 1.3807084922489197,
      "MAR": 1.473983961133203,
      "HAI": 0.15294498764319656,
      "SCO": 0.8649577990183883,
      "USA": 0.8012133576921714,
      "PAR": 1.0479121610929185,
      "AUS": 1.013204606671874,
      "TUR": 0.7826769805662321,
      "GER": 1.030660877851634,
      "CUW": 0.1973011714309641,
      "CIV": 0.9677024196427796,
      "ECU": 1.385042511624649,
      "NED": 1.1075391658237288,
      "JPN": 1.103252693288595,
      "SWE": 0.7734081806181249,
      "TUN": 0.9605761574747678,
      "BEL": 1.16395512596078,
      "EGY": 0.9893150961261227,
      "IRN": 0.872185892049615,
      "NZL": 0.6313045768267034,
      "ESP": 1.4037206354779788,
      "CPV": 0.589633675500192,
      "KSA": 0.7173051444415784,
      "URU": 1.3784767151367432,
      "FRA": 1.309492616295026,
      "SEN": 1.0834641268865863,
      "IRQ": 0.6868539309243881,
      "NOR": 1.0061627487651243,
      "ARG": 1.6286312600555437,
      "ALG": 0.9138949203958722,
      "AUT": 1.016206791870275,
      "JOR": 0.5301867572489274,
      "POR": 1.2548734220898354,
      "COD": 0.9485051959373677,
      "UZB": 0.9156315870992656,
      "COL": 1.243658406434874,
      "ENG": 1.4907937768539845,
      "CRO": 1.0769342193592675,
      "GHA": 0.5832582747162949,
      "PAN": 0.4265829187555773
    },
    "half_life_days": 1095.0,
    "n_matches": 7768,
    "cutoff": "2026-06-11",
    "teams": [
      "MEX",
      "RSA",
      "KOR",
      "CZE",
      "CAN",
      "BIH",
      "QAT",
      "SUI",
      "BRA",
      "MAR",
      "HAI",
      "SCO",
      "USA",
      "PAR",
      "AUS",
      "TUR",
      "GER",
      "CUW",
      "CIV",
      "ECU",
      "NED",
      "JPN",
      "SWE",
      "TUN",
      "BEL",
      "EGY",
      "IRN",
      "NZL",
      "ESP",
      "CPV",
      "KSA",
      "URU",
      "FRA",
      "SEN",
      "IRQ",
      "NOR",
      "ARG",
      "ALG",
      "AUT",
      "JOR",
      "POR",
      "COD",
      "UZB",
      "COL",
      "ENG",
      "CRO",
      "GHA",
      "PAN"
    ]
  },
  "weight_dc_elo": 0.3,
  "half_life_days": 1095.0,
  "backtest": {
    "best": {
      "half_life_days": 1095.0,
      "weight_dc_elo": 0.3,
      "weight_dc_attack": 0.7,
      "combined_rps": 0.2082
    },
    "years": {
      "2018": {
        "n_matches": 64,
        "rps_baseline": 0.2426,
        "rps_dc_elo": 0.2128,
        "rps_dc_attack": 0.1995,
        "rps_ensemble": 0.2026,
        "logloss_dc_elo": 0.9966,
        "calibration": [
          [
            0.0908,
            0.2,
            5
          ],
          [
            0.1561,
            0.12,
            25
          ],
          [
            0.2555,
            0.1967,
            61
          ],
          [
            0.3323,
            0.3462,
            52
          ],
          [
            0.4567,
            0.45,
            20
          ],
          [
            0.5381,
            0.8333,
            12
          ],
          [
            0.6395,
            0.6154,
            13
          ],
          [
            0.719,
            0.75,
            4
          ]
        ]
      },
      "2022": {
        "n_matches": 64,
        "rps_baseline": 0.234,
        "rps_dc_elo": 0.215,
        "rps_dc_attack": 0.2142,
        "rps_ensemble": 0.2138,
        "logloss_dc_elo": 1.0364,
        "calibration": [
          [
            0.0744,
            0.2,
            10
          ],
          [
            0.1611,
            0.2,
            35
          ],
          [
            0.2556,
            0.2742,
            62
          ],
          [
            0.332,
            0.2414,
            29
          ],
          [
            0.458,
            0.5,
            16
          ],
          [
            0.554,
            0.4211,
            19
          ],
          [
            0.6364,
            0.6923,
            13
          ],
          [
            0.7384,
            0.8571,
            7
          ],
          [
            0.8466,
            0.0,
            1
          ]
        ]
      }
    }
  }
}
