{
  "dc_elo": {
    "beta0": 0.10231235697783887,
    "beta1": 0.7331089667416932,
    "gamma": 0.22758416606360116,
    "rho": -0.04319928603423786,
    "half_life_days": 730.0,
    "n_matches": 7770,
    "cutoff": "2026-06-11"
  },
  "dc_attack": {
    "mu": 0.0991251117260832,
    "home_adv": 0.23376597414182868,
    "rho": -0.050870729819286836,
    "att": {
      "MEX": 0.8317923446892811,
      "RSA": 0.5124386902026318,
      "KOR": 0.8954156036769647,
      "CZE": 0.9114578340545865,
      "CAN": 0.8081853081129134,
      "BIH": 0.5176977648616506,
      "QAT": 0.5556305027882493,
      "SUI": 1.2095477614032875,
      "BRA": 1.3751329942621757,
      "MAR": 0.9551549373011036,
      "HAI": 0.4796109050762811,
      "SCO": 0.9260474823864498,
      "USA": 0.8471699732717185,
      "PAR": 0.7476056240370856,
      "AUS": 0.8584867945603715,
      "TUR": 1.1214841534772177,
      "GER": 1.4182101182216766,
      "CUW": 0.16330744780253625,
      "CIV": 0.7037622567502344,
      "ECU": 0.8106086824341352,
      "NED": 1.3587150952881748,
      "JPN": 1.0918315866110155,
      "SWE": 1.0714764887687915,
      "TUN": 0.6065968410784637,
      "BEL": 1.253329192501142,
      "EGY": 0.6529691077707256,
      "IRN": 0.9112245810662608,
      "NZL": 0.19729200143621928,
      "ESP": 1.5638177736545282,
      "CPV": 0.40180445521859254,
      "KSA": 0.40014030719537536,
      "URU": 0.9333548931226193,
      "FRA": 1.3544083381212941,
      "SEN": 0.9422821639046468,
      "IRQ": 0.41609340574466647,
      "NOR": 1.3029564817928716,
      "ARG": 1.3487949156446133,
      "ALG": 0.9907163497645757,
      "AUT": 1.029070825885802,
      "JOR": 0.7225561318104788,
      "POR": 1.4016162945905815,
      "COD": 0.4834335370143127,
      "UZB": 0.5508283079958954,
      "COL": 1.3102338918758536,
      "ENG": 1.310674895866222,
      "CRO": 1.1326109471609098,
      "GHA": 0.5501319516322206,
      "PAN": 0.5778200679414318
    },
    "def_": {
      "MEX": 1.0624500008453757,
      "RSA": 0.6289902078782625,
      "KOR": 0.7996936136587829,
      "CZE": 0.7281216776373286,
      "CAN": 0.9083211433056549,
      "BIH": 0.5713851717782091,
      "QAT": 0.25162540975469505,
      "SUI": 1.0155772532003728,
      "BRA": 1.3081844094895927,
      "MAR": 1.5230204194249637,
      "HAI": 0.15321421905732244,
      "SCO": 0.8643485752498046,
      "USA": 0.7554169257964689,
      "PAR": 1.076233415323504,
      "AUS": 1.024238609638938,
      "TUR": 0.7950148821990504,
      "GER": 1.0399454396053953,
      "CUW": 0.1867938026837804,
      "CIV": 0.9710934572055715,
      "ECU": 1.4828752997153858,
      "NED": 1.0932888413758224,
      "JPN": 1.1611771474582142,
      "SWE": 0.6986938897451611,
      "TUN": 0.9165949838990743,
      "BEL": 1.1238985822715846,
      "EGY": 0.9876851147810634,
      "IRN": 0.8522255652757147,
      "NZL": 0.6250830089140499,
      "ESP": 1.3913994922871713,
      "CPV": 0.554955871343519,
      "KSA": 0.7117508482281288,
      "URU": 1.3952228957409536,
      "FRA": 1.2884882866000174,
      "SEN": 1.0740980520800734,
      "IRQ": 0.7015568882031722,
      "NOR": 1.015152942432239,
      "ARG": 1.6817957442717697,
      "ALG": 0.9227175204711857,
      "AUT": 1.0339146506845849,
      "JOR": 0.5214758188254246,
      "POR": 1.2255693612177823,
      "COD": 1.0036660715647057,
      "UZB": 0.952079810162095,
      "COL": 1.2141130613766546,
      "ENG": 1.5083009100262905,
      "CRO": 1.076412504471991,
      "GHA": 0.5744585992010324,
      "PAN": 0.43338814302225176
    },
    "half_life_days": 730.0,
    "n_matches": 7770,
    "cutoff": "2026-06-11",
    "teams": [
      "MEX",
      "RSA",
      "KOR",
      "CZE",
      "CAN",
      "BIH",
      "QAT",
      "SUI",
      "BRA",
      "MAR",
      "HAI",
      "SCO",
      "USA",
      "PAR",
      "AUS",
      "TUR",
      "GER",
      "CUW",
      "CIV",
      "ECU",
      "NED",
      "JPN",
      "SWE",
      "TUN",
      "BEL",
      "EGY",
      "IRN",
      "NZL",
      "ESP",
      "CPV",
      "KSA",
      "URU",
      "FRA",
      "SEN",
      "IRQ",
      "NOR",
      "ARG",
      "ALG",
      "AUT",
      "JOR",
      "POR",
      "COD",
      "UZB",
      "COL",
      "ENG",
      "CRO",
      "GHA",
      "PAN"
    ]
  },
  "weight_dc_elo": 0.2,
  "half_life_days": 730.0,
  "backtest": {
    "best": {
      "half_life_days": 730.0,
      "weight_dc_elo": 0.2,
      "weight_dc_attack": 0.8,
      "pooled_rps": 0.1883,
      "oos_rps": 0.1887,
      "n_events": 20,
      "n_matches": 895,
      "rps_baseline": 0.2294
    },
    "years": {
      "2018": {
        "n_matches": 64,
        "rps_baseline": 0.2426,
        "rps_dc_elo": 0.2129,
        "rps_dc_attack": 0.2002,
        "rps_ensemble": 0.202,
        "logloss_dc_elo": 0.997,
        "calibration": [
          [
            0.0908,
            0.1667,
            6
          ],
          [
            0.1565,
            0.125,
            24
          ],
          [
            0.253,
            0.1864,
            59
          ],
          [
            0.3321,
            0.3396,
            53
          ],
          [
            0.4464,
            0.5,
            20
          ],
          [
            0.5446,
            0.7333,
            15
          ],
          [
            0.6536,
            0.6364,
            11
          ],
          [
            0.7211,
            0.75,
            4
          ]
        ]
      },
      "2022": {
        "n_matches": 64,
        "rps_baseline": 0.234,
        "rps_dc_elo": 0.215,
        "rps_dc_attack": 0.2155,
        "rps_ensemble": 0.215,
        "logloss_dc_elo": 1.0361,
        "calibration": [
          [
            0.0731,
            0.1667,
            12
          ],
          [
            0.1621,
            0.2121,
            33
          ],
          [
            0.2543,
            0.2787,
            61
          ],
          [
            0.3337,
            0.2581,
            31
          ],
          [
            0.4617,
            0.4286,
            14
          ],
          [
            0.5499,
            0.4211,
            19
          ],
          [
            0.6337,
            0.7692,
            13
          ],
          [
            0.7391,
            0.75,
            8
          ],
          [
            0.854,
            0.0,
            1
          ]
        ]
      }
    },
    "loto": {
      "oos_rps": 0.1887,
      "oos_logloss": 0.9592,
      "oos_brier": 0.5704,
      "oos_ece": 0.0195,
      "baseline_logloss": 1.0799,
      "logloss_gain_vs_baseline": 0.1207,
      "reliability": [
        {
          "p_pred": 0.071,
          "freq": 0.0593,
          "ci_lo": 0.029,
          "ci_hi": 0.1174,
          "n": 118
        },
        {
          "p_pred": 0.1549,
          "freq": 0.1354,
          "ci_lo": 0.1048,
          "ci_hi": 0.1733,
          "n": 384
        },
        {
          "p_pred": 0.2573,
          "freq": 0.2517,
          "ci_lo": 0.2239,
          "ci_hi": 0.2818,
          "n": 862
        },
        {
          "p_pred": 0.3358,
          "freq": 0.3182,
          "ci_lo": 0.282,
          "ci_hi": 0.3567,
          "n": 594
        },
        {
          "p_pred": 0.4483,
          "freq": 0.5167,
          "ci_lo": 0.4572,
          "ci_hi": 0.5758,
          "n": 269
        },
        {
          "p_pred": 0.5488,
          "freq": 0.5459,
          "ci_lo": 0.4796,
          "ci_hi": 0.6106,
          "n": 218
        },
        {
          "p_pred": 0.6448,
          "freq": 0.66,
          "ci_lo": 0.581,
          "ci_hi": 0.731,
          "n": 150
        },
        {
          "p_pred": 0.7394,
          "freq": 0.8143,
          "ci_lo": 0.7077,
          "ci_hi": 0.8881,
          "n": 70
        },
        {
          "p_pred": 0.84,
          "freq": 0.75,
          "ci_lo": 0.505,
          "ci_hi": 0.8982,