{
  "dc_elo": {
    "beta0": 0.10231235697783887,
    "beta1": 0.7331089667416932,
    "gamma": 0.22758416606360116,
    "rho": -0.04319928603423786,
    "half_life_days": 730.0,
    "n_matches": 7770,
    "cutoff": "2026-06-11"
  },
  "dc_attack": {
    "mu": 0.09119718812382624,
    "home_adv": 0.2337867473611829,
    "rho": -0.05097093735725102,
    "att": {
      "MEX": 0.8576938097961146,
      "RSA": 0.5391912569996894,
      "KOR": 0.9202856649577799,
      "CZE": 0.9391103286771103,
      "CAN": 0.8336957498702622,
      "BIH": 0.5455202551314486,
      "QAT": 0.5806696629690042,
      "SUI": 1.2376081258308804,
      "BRA": 1.4020056760596613,
      "MAR": 0.9817598194372729,
      "HAI": 0.5034656054568795,
      "SCO": 0.9537553963063301,
      "USA": 0.872981762736719,
      "PAR": 0.7743864793576977,
      "AUS": 0.8834021751426,
      "TUR": 1.1494762501039824,
      "GER": 1.446034670058093,
      "CUW": 0.18737286893534622,
      "CIV": 0.7304370700004933,
      "ECU": 0.8374585523177891,
      "NED": 1.3867026037888117,
      "JPN": 1.1175203656746295,
      "SWE": 1.099316898788626,
      "TUN": 0.6331726538750356,
      "BEL": 1.2808800676763188,
      "EGY": 0.6798526073252237,
      "IRN": 0.9361049791159088,
      "NZL": 0.21550279906524206,
      "ESP": 1.5914894461721292,
      "CPV": 0.42809549599436303,
      "KSA": 0.42506416190468854,
      "URU": 0.9599062326526081,
      "FRA": 1.3822848079682575,
      "SEN": 0.9690064525895112,
      "IRQ": 0.44092012002280506,
      "NOR": 1.3308882352774354,
      "ARG": 1.3754828354614441,
      "ALG": 1.0174146800772317,
      "AUT": 1.0569165303487253,
      "JOR": 0.7476256987891767,
      "POR": 1.4294400576405435,
      "COD": 0.5095627874325943,
      "UZB": 0.5752301317725017,
      "COL": 1.3370275146257797,
      "ENG": 1.3383510932774911,
      "CRO": 1.1605725806353533,
      "GHA": 0.5767803111682595,
      "PAN": 0.6028559112269378
    },
    "def_": {
      "MEX": 1.0809078960867577,
      "RSA": 0.6478218827057243,
      "KOR": 0.8175272422459249,
      "CZE": 0.7479016873120116,
      "CAN": 0.926762895741126,
      "BIH": 0.5914195968621349,
      "QAT": 0.2689260668907936,
      "SUI": 1.0355571654098061,
      "BRA": 1.3271598659066688,
      "MAR": 1.542684110357865,
      "HAI": 0.16987526178503717,
      "SCO": 0.8842349490367609,
      "USA": 0.7736046780054502,
      "PAR": 1.095090313451362,
      "AUS": 1.0420611492870748,
      "TUR": 0.8150313431533139,
      "GER": 1.0599564293893955,
      "CUW": 0.2037258358679907,
      "CIV": 0.9900653886286054,
      "ECU": 1.5018952789176359,
      "NED": 1.1132082165810295,
      "JPN": 1.1797368508871564,
      "SWE": 0.7185835179815198,
      "TUN": 0.9351860448202202,
      "BEL": 1.143823726954818,
      "EGY": 1.006724832044331,
      "IRN": 0.8695125555292763,
      "NZL": 0.6430059463048401,
      "ESP": 1.4112573133748967,
      "CPV": 0.5737172610563841,
      "KSA": 0.7294227067916876,
      "URU": 1.4143193289742095,
      "FRA": 1.3087112768285665,
      "SEN": 1.0929520831730943,
      "IRQ": 0.7187270194676102,
      "NOR": 1.0353346389178901,
      "ARG": 1.7014319579662174,
      "ALG": 0.9414912270157556,
      "AUT": 1.0540335811812225,
      "JOR": 0.5391271686678532,
      "POR": 1.2456019031205847,
      "COD": 1.0227367432624856,
      "UZB": 0.9692358435145946,
      "COL": 1.233157329858588,
      "ENG": 1.5285650462894678,
      "CRO": 1.096189276102752,
      "GHA": 0.5931251295890899,
      "PAN": 0.45059734408179325
    },
    "half_life_days": 730.0,
    "n_matches": 7770,
    "cutoff": "2026-06-11",
    "teams": [
      "MEX",
      "RSA",
      "KOR",
      "CZE",
      "CAN",
      "BIH",
      "QAT",
      "SUI",
      "BRA",
      "MAR",
      "HAI",
      "SCO",
      "USA",
      "PAR",
      "AUS",
      "TUR",
      "GER",
      "CUW",
      "CIV",
      "ECU",
      "NED",
      "JPN",
      "SWE",
      "TUN",
      "BEL",
      "EGY",
      "IRN",
      "NZL",
      "ESP",
      "CPV",
      "KSA",
      "URU",
      "FRA",
      "SEN",
      "IRQ",
      "NOR",
      "ARG",
      "ALG",
      "AUT",
      "JOR",
      "POR",
      "COD",
      "UZB",
      "COL",
      "ENG",
      "CRO",
      "GHA",
      "PAN"
    ]
  },
  "weight_dc_elo": 0.2,
  "half_life_days": 730.0,
  "backtest": {
    "best": {
      "half_life_days": 730.0,
      "weight_dc_elo": 0.2,
      "weight_dc_attack": 0.8,
      "pooled_rps": 0.1883,
      "oos_rps": 0.1887,
      "n_events": 20,
      "n_matches": 895,
      "rps_baseline": 0.2294,
      "rps_elo_baseline": 0.1919
    },
    "years": {
      "2018": {
        "n_matches": 64,
        "rps_baseline": 0.2426,
        "rps_elo_baseline": 0.2126,
        "rps_dc_elo": 0.2129,
        "rps_dc_attack": 0.2002,
        "rps_ensemble": 0.202,
        "logloss_dc_elo": 0.997,
        "calibration": [
          [
            0.0908,
            0.1667,
            6
          ],
          [
            0.1565,
            0.125,
            24
          ],
          [
            0.253,
            0.1864,
            59
          ],
          [
            0.3321,
            0.3396,
            53
          ],
          [
            0.4464,
            0.5,
            20
          ],
          [
            0.5446,
            0.7333,
            15
          ],
          [
            0.6536,
            0.6364,
            11
          ],
          [
            0.7211,
            0.75,
            4
          ]
        ]
      },
      "2022": {
        "n_matches": 64,
        "rps_baseline": 0.234,
        "rps_elo_baseline": 0.2155,
        "rps_dc_elo": 0.215,
        "rps_dc_attack": 0.2155,
        "rps_ensemble": 0.215,
        "logloss_dc_elo": 1.0361,
        "calibration": [
          [
            0.0731,
            0.1667,
            12
          ],
          [
            0.1621,
            0.2121,
            33
          ],
          [
            0.2543,
            0.2787,
            61
          ],
          [
            0.3337,
            0.2581,
            31
          ],
          [
            0.4617,
            0.4286,
            14
          ],
          [
            0.5499,
            0.4211,
            19
          ],
          [
            0.6337,
            0.7692,
            13
          ],
          [
            0.7391,
            0.75,
            8
          ],
          [
            0.854,
            0.0,
            1
          ]
        ]
      }
    },
    "loto": {
      "oos_rps": 0.1887,
      "oos_logloss": 0.9592,
      "oos_brier": 0.5704,
      "oos_ece": 0.0195,
      "climatology_rps": 0.2294,
      "elo_baseline_rps": 0.1919,
      "elo_baseline_logloss": 0.9694,
      "logloss_gain_vs_elo": 0.0102,
      "reliability": [
        {
          "p_pred": 0.071,
          "freq": 0.0593,
          "ci_lo": 0.029,
          "ci_hi": 0.1174,
          "n": 118
        },
        {
          "p_pred": 0.1549,
          "freq": 0.1354,
          "ci_lo": 0.1048,
          "ci_hi": 0.1733,
          "n": 384
        },
        {
          "p_pred": 0.2573,
          "freq": 0.2517,
          "ci_lo": 0.2239,
          "ci_hi": 0.2818,
          "n": 862
        },
        {
          "p_pred": 0.3358,
          "freq": 0.3182,
          "ci_lo": 0.282,
          "ci_hi": 0.3567,
          "n": 594
        },
        {
          "p_pred": 0.4483,
          "freq": 0.5167,
          "ci_lo": 0.4572,
          "ci_hi": 0.5758,
          "n": 269
        },
        {
          "p_pred": 0.5488,
          "freq": 0.5459,
          "ci_lo": 0.4796,
          "ci_hi": 0.6106,
          "n": 218
        },
        {
          "p_pred": 0.6448,
          "freq": 0.66,
          "ci_lo": 0.581,
          "ci_hi": 0.731,
          "n": 150
        },
        {
          "p_pred": 0.7394,
          "freq": 0.8143,
          "ci_lo": 0.7077,
          "ci_hi": 0.8881,